--generate users for database

INSERT INTO "employee" (id,firstname,lastname,contactemail,companyemail,birthdate,hireddate) VALUES (1,'Kennan','Gardner','tristique.pharetra@molestiedapibusligula.org','diam@Donecnibh.com','2021-04-21','2021-04-04 '),(2,'Tashya','Raymond','eleifend.nec@scelerisquenequeNullam.net','pretium.neque.Morbi@ipsumSuspendissesagittis.edu','2022-04-15','2021-08-05 '),(3,'Solomon','Jones','massa@adipiscinglobortisrisus.org','convallis@arcuacorci.co.uk','2021-09-24','2021-08-09 '),(4,'Fleur','Rocha','purus@bibendumullamcorperDuis.net','Vestibulum.ante.ipsum@congueInscelerisque.org','2021-04-08','2022-02-02 '),(5,'Jeremy','Sherman','quam.Pellentesque.habitant@augueeutellus.ca','nonummy.Fusce.fermentum@mollislectuspede.com','2021-09-14','2022-04-29 '),(6,'Deirdre','Carney','sapien@luctuset.co.uk','odio@idlibero.com','2022-05-17','2021-11-08 '),(7,'Ethan','Mcfadden','Sed@Phasellus.com','Cras@sedfacilisisvitae.org','2021-05-15','2021-11-24 '),(8,'Nash','Melendez','eget@tellusAenean.net','sagittis.placerat@cursus.net','2020-08-27','2020-07-17 '),(9,'Mark','Vang','parturient@nullavulputatedui.com','orci.adipiscing.non@disparturient.edu','2021-12-03','2021-07-30 '),(10,'Roth','Acosta','Quisque.varius@malesuadaIntegerid.net','placerat.velit@faucibusleo.edu','2021-03-08','2022-01-21 ');
INSERT INTO "employee" (id,firstname,lastname,contactemail,companyemail,birthdate,hireddate) VALUES (11,'Dominic','Acevedo','ipsum@scelerisquedui.org','cursus.diam@vulputaterisus.com','2020-12-12','2021-02-07 '),(12,'Jenette','Riddle','ipsum.dolor.sit@egestasblanditNam.edu','molestie.dapibus@uteros.com','2020-05-28','2022-01-19 '),(13,'Shana','Alvarez','malesuada.fames@neque.com','leo.in@utdolordapibus.edu','2021-07-21','2020-07-21 '),(14,'Portia','Wiggins','ipsum.Phasellus.vitae@Nunccommodo.co.uk','neque@IntegerurnaVivamus.co.uk','2021-01-29','2020-07-19 '),(15,'Gemma','Guzman','eu.metus@scelerisque.edu','arcu.Sed.et@orciadipiscing.com','2021-11-19','2021-05-24 '),(16,'Gay','Vaughan','diam.nunc@porttitorinterdumSed.net','tincidunt.orci@telluseuaugue.net','2020-07-26','2020-09-10 '),(17,'Jana','Mccarty','vel.turpis.Aliquam@tinciduntaliquam.ca','arcu@DonecegestasDuis.ca','2020-09-12','2020-10-15 '),(18,'Kieran','Solis','nisi@consequatnecmollis.ca','Nullam.lobortis@semvitaealiquam.edu','2022-02-02','2022-04-25 '),(19,'Macaulay','Merritt','Cum@semelit.ca','rhoncus.Donec.est@magnaLorem.net','2020-06-28','2022-05-10 '),(20,'Katell','Foley','Nullam.lobortis.quam@lectus.ca','lacinia.at.iaculis@idante.com','2021-08-09','2020-08-25 ');
INSERT INTO "employee" (id,firstname,lastname,contactemail,companyemail,birthdate,hireddate) VALUES (21,'Guinevere','Rodgers','ultrices@facilisisfacilisis.edu','lorem@Sed.net','2021-09-29','2021-07-19 '),(22,'Mollie','Patrick','ornare@Maurisutquam.co.uk','sed.turpis.nec@nullaIntegervulputate.co.uk','2021-08-31','2021-03-25 '),(23,'Jordan','Buckner','vestibulum.neque@loremlorem.com','orci@eueleifend.ca','2022-04-27','2020-11-28 '),(24,'Diana','Molina','amet@duiCumsociis.org','semper@odiovel.org','2021-06-15','2020-06-30 '),(25,'Bert','Graham','vitae.aliquet@urnaNunc.co.uk','lacus.vestibulum.lorem@semperpretium.com','2022-03-20','2022-04-21 '),(26,'Pamela','Shepherd','aptent.taciti@necante.org','et@ligulaeuenim.net','2020-06-24','2021-08-19 '),(27,'Shoshana','Faulkner','commodo.hendrerit@semper.org','cursus.diam@pede.net','2022-05-14','2020-12-05 '),(28,'Conan','Underwood','quis.pede@loremluctusut.edu','est@pharetra.edu','2021-01-17','2021-06-02 '),(29,'Germaine','Gamble','velit@lacinia.edu','pede.ultrices.a@semvitae.co.uk','2020-12-18','2022-01-22 '),(30,'Gabriel','Crosby','iaculis@consectetuermauris.org','Quisque.nonummy@nonleoVivamus.ca','2021-08-14','2022-04-27 ');
INSERT INTO "employee" (id,firstname,lastname,contactemail,companyemail,birthdate,hireddate) VALUES (31,'Aiko','Baird','accumsan.laoreet.ipsum@turpis.ca','ligula.consectetuer.rhoncus@nec.net','2021-05-22','2020-05-20 '),(32,'Baker','Warner','enim@euismodetcommodo.com','interdum@pellentesquemassa.ca','2020-12-27','2021-05-28 '),(33,'Hu','Day','cursus.non.egestas@placerat.co.uk','ac.mattis@consectetuer.ca','2022-03-22','2021-01-16 '),(34,'Sheila','Sweet','mauris.eu.elit@nasceturridiculus.org','sed.tortor@ultrices.net','2020-12-20','2020-11-08 '),(35,'Tarik','Hines','elit.pretium.et@cursusNunc.com','dictum@ametnullaDonec.org','2021-05-10','2021-06-10 '),(36,'Lars','George','metus.In@temporeratneque.com','molestie.pharetra@loremtristiquealiquet.net','2020-08-14','2021-10-22 '),(37,'Blossom','Lambert','egestas.lacinia.Sed@ac.ca','Nulla.eu.neque@dolorelit.net','2022-05-03','2022-01-01 '),(38,'Scarlet','Whitehead','pretium@et.co.uk','posuere.vulputate@Aliquamtinciduntnunc.com','2020-06-08','2021-08-11 '),(39,'Phyllis','Frederick','vestibulum@nequeetnunc.com','montes.nascetur.ridiculus@aarcu.ca','2020-08-12','2021-10-26 '),(40,'Candice','Crosby','Donec.consectetuer.mauris@egetnisidictum.co.uk','venenatis@nonegestas.org','2020-05-18','2022-03-21 ');
INSERT INTO "employee" (id,firstname,lastname,contactemail,companyemail,birthdate,hireddate) VALUES (41,'Norman','Carr','mollis.Duis.sit@eu.co.uk','tincidunt.pede.ac@nonante.org','2022-01-18','2022-05-04 '),(42,'Jana','Ruiz','et.arcu.imperdiet@perinceptoshymenaeos.edu','feugiat.Sed.nec@enimgravidasit.co.uk','2020-08-23','2020-08-27 '),(43,'Zephania','Keith','augue.Sed.molestie@nectellus.com','Phasellus.dolor.elit@et.co.uk','2021-05-13','2021-11-08 '),(44,'Whilemina','Wilkerson','tincidunt@FuscemollisDuis.edu','hendrerit@hendreritnequeIn.org','2020-05-31','2020-11-01 '),(45,'Vladimir','Silva','Quisque@augue.edu','ornare@bibendum.org','2021-01-30','2022-04-06 '),(46,'Joel','Bentley','Morbi.accumsan.laoreet@ategestasa.edu','a@dapibusrutrumjusto.net','2021-12-17','2022-03-15 '),(47,'Tobias','Doyle','neque@posuere.net','enim.Etiam.gravida@consectetuer.ca','2020-11-26','2021-05-09 '),(48,'Buffy','Mcguire','Cum.sociis.natoque@nuncQuisque.net','egestas@egetmollislectus.com','2020-11-13','2022-02-22 '),(49,'Sandra','Fuller','Nullam.feugiat.placerat@temporarcu.edu','Aliquam@placeratvelitQuisque.com','2022-03-04','2020-12-05 '),(50,'Hu','Mckinney','sit.amet.diam@odio.com','quis.accumsan@sagittisplaceratCras.net','2022-01-24','2022-02-04 ');
INSERT INTO "employee" (id,firstname,lastname,contactemail,companyemail,birthdate,hireddate) VALUES (51,'Kiara','Miller','mi.fringilla.mi@egestasSed.org','Donec.tempus.lorem@Morbi.com','2020-10-17','2021-06-23 '),(52,'Noble','Roy','ligula.consectetuer.rhoncus@loremeumetus.com','tellus.justo@sagittis.org','2022-03-25','2021-03-12 '),(53,'Bert','Palmer','et@dictummi.co.uk','Suspendisse.sagittis.Nullam@ullamcorperDuis.net','2021-08-20','2022-03-09 '),(54,'Buckminster','Barr','ullamcorper.viverra.Maecenas@Pellentesque.ca','Curabitur@Utnecurna.co.uk','2021-04-14','2021-07-11 '),(55,'Caryn','Powers','id@nec.co.uk','nec@Proin.net','2022-03-26','2021-01-03 '),(56,'Kane','Brown','eleifend@gravida.net','tellus.faucibus@pharetrautpharetra.com','2021-01-21','2020-08-18 '),(57,'Brenden','Richards','nisl.Quisque.fringilla@et.ca','consectetuer.adipiscing.elit@Maecenasornareegestas.edu','2021-06-15','2021-12-24 '),(58,'Jayme','Woodard','rhoncus.Proin@dapibusligula.org','Phasellus@mi.ca','2021-06-14','2021-02-07 '),(59,'Tucker','Horne','nec@Maurisquis.net','cursus.non@montes.co.uk','2022-05-16','2021-10-03 '),(60,'Abdul','Reid','diam.Proin@Nullasemper.ca','sed@accumsaninterdumlibero.net','2022-01-09','2020-11-19 ');
INSERT INTO "employee" (id,firstname,lastname,contactemail,companyemail,birthdate,hireddate) VALUES (61,'Athena','Padilla','orci@tempor.com','Duis.sit@dictummiac.net','2020-09-17','2022-05-17 '),(62,'Hilel','Pickett','eget@purussapien.edu','sapien.gravida.non@dolor.edu','2022-03-16','2021-12-25 '),(63,'Clio','Curry','Nam.porttitor@feugiatnecdiam.com','tempor.augue@Fuscediam.com','2022-05-13','2021-08-02 '),(64,'Ryder','Haley','amet.metus.Aliquam@Quisquetinciduntpede.co.uk','fames.ac.turpis@magnis.co.uk','2022-04-23','2021-01-29 '),(65,'Kirsten','Savage','gravida@dui.edu','mollis.Duis@gravidanuncsed.ca','2020-12-15','2020-09-18 '),(66,'Demetria','Manning','tortor@semmolestie.ca','justo.Praesent@Sedmalesuadaaugue.ca','2021-03-20','2022-01-16 '),(67,'Priscilla','Elliott','nibh.dolor.nonummy@ligula.ca','non.sapien@Integerinmagna.net','2020-07-10','2021-09-12 '),(68,'Silas','Cook','egestas.a@natoquepenatibuset.edu','egestas.Fusce.aliquet@nostraper.net','2022-05-13','2020-10-02 '),(69,'Althea','Huber','Nullam.ut@Duis.com','Duis@Donecelementumlorem.org','2020-11-03','2020-05-25 '),(70,'Malachi','Cotton','parturient@esttempor.org','pellentesque@ligulaDonecluctus.org','2021-03-13','2021-02-11 ');
INSERT INTO "employee" (id,firstname,lastname,contactemail,companyemail,birthdate,hireddate) VALUES (71,'Kato','Ray','posuere.cubilia.Curae@etnetuset.ca','Curabitur.massa.Vestibulum@ridiculus.ca','2021-07-12','2021-07-26 '),(72,'Jason','Moreno','dolor@fermentum.ca','diam@cursusnonegestas.edu','2021-05-07','2021-03-21 '),(73,'Noelani','Randolph','mattis@estNunclaoreet.com','a@montesnascetur.com','2021-06-06','2021-04-20 '),(74,'Karen','Dillon','tempor.arcu.Vestibulum@cursusa.net','amet.ornare.lectus@ipsumleo.net','2021-05-24','2021-11-13 '),(75,'Jennifer','Barton','lorem.eget@nuncQuisque.ca','natoque@Curabituregestasnunc.org','2021-05-23','2021-05-15 '),(76,'Jescie','Patterson','molestie.tellus.Aenean@adipiscing.com','dictum.placerat@Cumsociisnatoque.ca','2021-10-07','2021-05-31 '),(77,'Rebecca','Klein','Suspendisse.non@ultriciesornare.org','nunc@eu.org','2021-10-29','2020-11-08 '),(78,'Mallory','Cain','dictum.sapien@arcuiaculis.org','Cras.vehicula@luctusipsum.com','2021-12-09','2021-06-16 '),(79,'Linda','Britt','augue@Integer.com','justo.faucibus.lectus@vehiculaPellentesquetincidunt.com','2021-10-10','2020-11-23 '),(80,'Perry','Shields','non.arcu.Vivamus@a.net','ac.mattis@sitamet.co.uk','2021-05-03','2021-09-01 ');
INSERT INTO "employee" (id,firstname,lastname,contactemail,companyemail,birthdate,hireddate) VALUES (81,'Deacon','Mckee','eget.metus@velarcueu.ca','scelerisque.scelerisque.dui@Cumsociis.com','2020-10-09','2021-04-28 '),(82,'Barrett','Garrison','erat.vel.pede@Etiambibendum.edu','vel.venenatis.vel@acmattisvelit.net','2021-10-19','2022-05-15 '),(83,'May','Perry','euismod.enim@lorem.com','placerat.Cras.dictum@mi.co.uk','2022-02-01','2021-04-27 '),(84,'Colette','Goodman','vitae@velitegetlaoreet.org','Pellentesque.ultricies.dignissim@a.com','2021-02-27','2021-02-23 '),(85,'Damian','Blake','massa.non@pedenonummy.com','In.mi@diamDuis.ca','2020-06-03','2021-08-08 '),(86,'Naomi','Brennan','arcu.Aliquam.ultrices@ipsum.net','Pellentesque.ut@risusDonec.ca','2020-10-18','2020-07-23 '),(87,'Brian','Harris','tincidunt@ametanteVivamus.edu','nec.imperdiet@magnaa.co.uk','2021-10-22','2021-09-02 '),(88,'Phyllis','Randall','magna.Sed@egetmagna.net','Phasellus.elit@magnaSedeu.co.uk','2021-06-26','2021-11-06 '),(89,'Ann','Knight','sit@acorci.com','elit.a@Donec.com','2020-10-18','2021-04-22 '),(90,'Reed','Stevenson','nibh.Quisque.nonummy@vulputateveliteu.co.uk','Duis.gravida.Praesent@cubiliaCuraeDonec.org','2022-01-16','2020-11-16 ');
INSERT INTO "employee" (id,firstname,lastname,contactemail,companyemail,birthdate,hireddate) VALUES (91,'Jakeem','Gonzalez','quis.tristique.ac@conguea.ca','cursus.Nunc.mauris@enim.com','2021-03-01','2020-09-30 '),(92,'Lenore','Weiss','ut@atarcu.co.uk','ullamcorper.nisl@mitemporlorem.com','2020-07-20','2022-04-22 '),(93,'Whitney','Allison','gravida@consectetueradipiscingelit.edu','luctus.Curabitur.egestas@ametorciUt.com','2020-11-14','2020-05-25 '),(94,'Regan','Vega','et.ultrices.posuere@tortorIntegeraliquam.org','nec.malesuada@adipiscingligula.net','2021-04-25','2020-09-13 '),(95,'Zane','Peters','nibh@acsem.com','molestie.arcu.Sed@Etiamimperdietdictum.edu','2020-11-14','2022-02-04 '),(96,'Barbara','Lang','ornare@orci.com','lacus.Quisque@acmetus.net','2020-12-29','2020-10-29 '),(97,'Cyrus','Maynard','at@necmetus.com','velit.Quisque.varius@semper.edu','2021-10-20','2020-07-02 '),(98,'Alan','Mccarty','Nullam.velit@vitaeeratvel.com','Donec.est.Nunc@NullaaliquetProin.edu','2020-12-07','2020-10-16 '),(99,'Ria','Atkins','ullamcorper.Duis@Nulla.com','egestas.hendrerit@ipsumnunc.com','2021-08-03','2021-07-19 '),(100,'Alfreda','Rollins','Phasellus.nulla.Integer@gravidasit.edu','Donec@interdum.com','2021-12-28','2022-05-11 ');

INSERT INTO "address" (address_id,street,suite,city,region,postal) VALUES (1,'713 Semper Ave',8,'Augusta','GA','37189'),(2,'506-6351 Cras Street',7,'Hillsboro','OR','72874'),(3,'8201 Ridiculus Street',2,'Cheyenne','WY','68281'),(4,'Ap #846-5618 Eleifend Rd.',1,'Fort Collins','CO','55733'),(5,'Ap #194-8037 Consectetuer Road',9,'Grand Island','NE','98119'),(6,'323 Ut Rd.',7,'Henderson','NV','14345'),(7,'Ap #928-7025 Fusce Ave',10,'Anchorage','AK','99660'),(8,'P.O. Box 216, 8404 Ipsum. Avenue',8,'Metairie','LA','78663'),(9,'3747 Urna. Street',8,'Reno','NV','79409'),(10,'P.O. Box 776, 6235 Auctor Road',9,'Milwaukee','WI','16600');
INSERT INTO "address" (address_id,street,suite,city,region,postal) VALUES (11,'2090 Ante Rd.',9,'Tampa','FL','21874'),(12,'Ap #743-1510 Tortor, Rd.',1,'Atlanta','GA','21340'),(13,'5452 Turpis. Av.',8,'Covington','KY','55771'),(14,'Ap #749-4977 Elit, St.',8,'Lexington','KY','63086'),(15,'8138 Id Road',4,'Fort Collins','CO','84524'),(16,'6678 Enim Av.',3,'San Diego','CA','92561'),(17,'6593 Consequat, Street',4,'New Orleans','LA','53514'),(18,'590-5348 Rutrum Av.',4,'San Diego','CA','91765'),(19,'6466 Vel Street',9,'Columbus','OH','21893'),(20,'647-5859 Sed Ave',10,'Denver','CO','60976');
INSERT INTO "address" (address_id,street,suite,city,region,postal) VALUES (21,'P.O. Box 950, 2831 Metus. Rd.',3,'Biloxi','MS','69456'),(22,'Ap #754-667 Fringilla Ave',7,'Detroit','MI','51141'),(23,'768-828 Arcu Ave',10,'Hattiesburg','MS','77649'),(24,'P.O. Box 696, 5711 Sit Ave',7,'Fort Wayne','IN','35378'),(25,'1876 Nulla. Rd.',10,'Sioux City','IA','95923'),(26,'558-2667 Dui, Av.',5,'Las Vegas','NV','73818'),(27,'936-7149 Quisque Av.',2,'Los Angeles','CA','94812'),(28,'Ap #946-3514 Velit Rd.',5,'Madison','WI','74104'),(29,'Ap #114-5013 Auctor Avenue',6,'Norfolk','VA','15056'),(30,'P.O. Box 446, 1401 Eu, Street',3,'Springfield','MA','83507');
INSERT INTO "address" (address_id,street,suite,city,region,postal) VALUES (31,'P.O. Box 308, 1748 Non, Rd.',8,'Tuscaloosa','AL','36327'),(32,'387-8687 Aliquet Rd.',9,'Chicago','IL','74763'),(33,'909-8058 At, Street',1,'Sioux City','IA','51755'),(34,'Ap #520-9070 Eu Rd.',10,'Carson City','NV','76710'),(35,'P.O. Box 248, 4530 Non Ave',9,'Casper','WY','73510'),(36,'7527 Donec Rd.',4,'Wyoming','WY','89324'),(37,'5790 Magnis St.',10,'Flint','MI','27497'),(38,'P.O. Box 963, 7393 Pellentesque Road',6,'Honolulu','HI','89184'),(39,'185-7189 Quisque St.',9,'Annapolis','MD','24449'),(40,'314-3055 Dapibus Rd.',5,'Casper','WY','31212');
INSERT INTO "address" (address_id,street,suite,city,region,postal) VALUES (41,'P.O. Box 225, 4658 Magna. Street',6,'Kailua','HI','55120'),(42,'286-9327 Vulputate Rd.',10,'Honolulu','HI','98391'),(43,'5098 Mollis Rd.',10,'Covington','KY','93019'),(44,'Ap #365-9424 Interdum Av.',5,'Saint Louis','MO','15609'),(45,'750-3079 Libero Road',5,'Joliet','IL','97123'),(46,'144-210 Dolor. Avenue',2,'Augusta','ME','72213'),(47,'Ap #359-611 Sagittis. Rd.',10,'Montgomery','AL','36785'),(48,'P.O. Box 696, 4014 Vulputate, Ave',5,'Bear','DE','86903'),(49,'Ap #102-229 Ipsum Rd.',7,'Fort Smith','AR','72718'),(50,'1956 Donec Rd.',5,'Green Bay','WI','90201');
INSERT INTO "address" (address_id,street,suite,city,region,postal) VALUES (51,'P.O. Box 913, 1256 Dolor Road',9,'Boston','MA','79286'),(52,'Ap #853-5759 Ligula. Road',9,'Billings','MT','72240'),(53,'Ap #355-9758 Cubilia Ave',10,'Columbus','GA','10307'),(54,'P.O. Box 115, 589 Dapibus Avenue',4,'Lafayette','LA','57448'),(55,'184-9942 Sed, St.',9,'Spokane','WA','96861'),(56,'P.O. Box 268, 5650 Taciti Rd.',1,'Oklahoma City','OK','72511'),(57,'Ap #433-3114 Magna, St.',7,'New Haven','CT','66331'),(58,'Ap #618-501 Magna. Avenue',5,'Lewiston','ME','20321'),(59,'160-3807 Duis St.',9,'St. Petersburg','FL','56927'),(60,'8600 Pellentesque Ave',8,'Hillsboro','OR','71898');
INSERT INTO "address" (address_id,street,suite,city,region,postal) VALUES (61,'Ap #831-4718 Massa Road',3,'Biloxi','MS','27313'),(62,'P.O. Box 380, 7409 Volutpat. Rd.',1,'Portland','OR','50311'),(63,'Ap #281-8076 Eget Avenue',9,'San Antonio','TX','34310'),(64,'666-5778 Facilisis, Avenue',4,'Rochester','MN','92059'),(65,'933-1288 Ut Rd.',2,'Fresno','CA','92485'),(66,'863 Dolor Ave',3,'Wilmington','DE','50482'),(67,'Ap #101-2068 Curabitur Avenue',3,'Racine','WI','14764'),(68,'7256 Ullamcorper, St.',4,'Metairie','LA','56498'),(69,'6999 Nulla Street',9,'Minneapolis','MN','29388'),(70,'P.O. Box 665, 623 Nisl. St.',2,'Grand Island','NE','48215');
INSERT INTO "address" (address_id,street,suite,city,region,postal) VALUES (71,'Ap #330-4622 Sem St.',1,'Phoenix','AZ','85471'),(72,'8771 Dis Av.',6,'Rock Springs','WY','55988'),(73,'1403 Nulla Rd.',2,'Bowling Green','KY','57443'),(74,'289-6259 Ultrices St.',9,'Warren','MI','99008'),(75,'P.O. Box 673, 6334 Aliquam St.',9,'Virginia Beach','VA','95864'),(76,'P.O. Box 790, 1769 Dui. Ave',10,'Austin','TX','42092'),(77,'9668 Congue. St.',10,'Philadelphia','PA','97537'),(78,'2110 Ipsum Ave',9,'Salem','OR','95006'),(79,'809-3894 Pellentesque St.',2,'Salem','OR','76611'),(80,'734-1202 Ipsum Rd.',8,'Cincinnati','OH','94749');
INSERT INTO "address" (address_id,street,suite,city,region,postal) VALUES (81,'9932 Vel Rd.',5,'College','AK','99898'),(82,'702-2981 Sed Rd.',9,'Kansas City','KS','51800'),(83,'P.O. Box 310, 1828 Consectetuer Road',10,'Allentown','PA','90549'),(84,'6632 In, Rd.',4,'San Francisco','CA','91362'),(85,'1261 Adipiscing, Street',1,'Pike Creek','DE','73280'),(86,'P.O. Box 423, 7606 Vestibulum St.',10,'Cedar Rapids','IA','81430'),(87,'7444 Et Rd.',2,'Carson City','NV','75595'),(88,'6009 A, Avenue',6,'Covington','KY','72646'),(89,'Ap #139-9331 Fusce Avenue',5,'Lakewood','CO','89600'),(90,'P.O. Box 226, 5567 Nec St.',3,'Lincoln','NE','45145');
INSERT INTO "address" (address_id,street,suite,city,region,postal) VALUES (91,'P.O. Box 187, 3373 Dui, Rd.',1,'Jacksonville','FL','41199'),(92,'P.O. Box 141, 3713 Ligula. St.',6,'College','AK','99615'),(93,'9764 Nulla Av.',5,'West Jordan','UT','44925'),(94,'P.O. Box 747, 4271 Feugiat. St.',9,'Harrisburg','PA','58498'),(95,'P.O. Box 243, 544 A, St.',10,'Kaneohe','HI','48791'),(96,'P.O. Box 457, 8272 Nulla. Avenue',3,'Lewiston','ME','69109'),(97,'9226 Velit Street',7,'Columbia','MD','10788'),(98,'Ap #742-4897 At, Av.',2,'Philadelphia','PA','57871'),(99,'196-1989 At, Av.',8,'Springfield','MO','27042'),(100,'982-8887 Risus. Avenue',1,'Newark','DE','43081');

UPDATE "employee" SET address_id = 1 WHERE id = 1;
UPDATE "employee" SET address_id = 2 WHERE id = 2;
UPDATE "employee" SET address_id = 3 WHERE id = 3;
UPDATE "employee" SET address_id = 4 WHERE id = 4;
UPDATE "employee" SET address_id = 5 WHERE id = 5;
UPDATE "employee" SET address_id = 6 WHERE id = 6;
UPDATE "employee" SET address_id = 7 WHERE id = 7;
UPDATE "employee" SET address_id = 8 WHERE id = 8;
UPDATE "employee" SET address_id = 9 WHERE id = 9;
UPDATE "employee" SET address_id = 10 WHERE id = 10;
UPDATE "employee" SET address_id = 11 WHERE id = 11;
UPDATE "employee" SET address_id = 12 WHERE id = 12;
UPDATE "employee" SET address_id = 13 WHERE id = 13;
UPDATE "employee" SET address_id = 14 WHERE id = 14;
UPDATE "employee" SET address_id = 15 WHERE id = 15;
UPDATE "employee" SET address_id = 16 WHERE id = 16;
UPDATE "employee" SET address_id = 17 WHERE id = 17;
UPDATE "employee" SET address_id = 18 WHERE id = 18;
UPDATE "employee" SET address_id = 19 WHERE id = 19;
UPDATE "employee" SET address_id = 20 WHERE id = 20;
UPDATE "employee" SET address_id = 21 WHERE id = 21;
UPDATE "employee" SET address_id = 22 WHERE id = 22;
UPDATE "employee" SET address_id = 23 WHERE id = 23;
UPDATE "employee" SET address_id = 24 WHERE id = 24;
UPDATE "employee" SET address_id = 25 WHERE id = 25;
UPDATE "employee" SET address_id = 26 WHERE id = 26;
UPDATE "employee" SET address_id = 27 WHERE id = 27;
UPDATE "employee" SET address_id = 28 WHERE id = 28;
UPDATE "employee" SET address_id = 29 WHERE id = 29;
UPDATE "employee" SET address_id = 30 WHERE id = 30;
UPDATE "employee" SET address_id = 31 WHERE id = 31;
UPDATE "employee" SET address_id = 32 WHERE id = 32;
UPDATE "employee" SET address_id = 33 WHERE id = 33;
UPDATE "employee" SET address_id = 34 WHERE id = 34;
UPDATE "employee" SET address_id = 35 WHERE id = 35;
UPDATE "employee" SET address_id = 36 WHERE id = 36;
UPDATE "employee" SET address_id = 37 WHERE id = 37;
UPDATE "employee" SET address_id = 38 WHERE id = 38;
UPDATE "employee" SET address_id = 39 WHERE id = 39;
UPDATE "employee" SET address_id = 40 WHERE id = 40;
UPDATE "employee" SET address_id = 41 WHERE id = 41;
UPDATE "employee" SET address_id = 42 WHERE id = 42;
UPDATE "employee" SET address_id = 43 WHERE id = 43;
UPDATE "employee" SET address_id = 44 WHERE id = 44;
UPDATE "employee" SET address_id = 45 WHERE id = 45;
UPDATE "employee" SET address_id = 46 WHERE id = 46;
UPDATE "employee" SET address_id = 47 WHERE id = 47;
UPDATE "employee" SET address_id = 48 WHERE id = 48;
UPDATE "employee" SET address_id = 49 WHERE id = 49;
UPDATE "employee" SET address_id = 50 WHERE id = 50;
UPDATE "employee" SET address_id = 51 WHERE id = 51;
UPDATE "employee" SET address_id = 52 WHERE id = 52;
UPDATE "employee" SET address_id = 53 WHERE id = 53;
UPDATE "employee" SET address_id = 54 WHERE id = 54;
UPDATE "employee" SET address_id = 55 WHERE id = 55;
UPDATE "employee" SET address_id = 56 WHERE id = 56;
UPDATE "employee" SET address_id = 57 WHERE id = 57;
UPDATE "employee" SET address_id = 58 WHERE id = 58;
UPDATE "employee" SET address_id = 59 WHERE id = 59;
UPDATE "employee" SET address_id = 60 WHERE id = 60;
UPDATE "employee" SET address_id = 61 WHERE id = 61;
UPDATE "employee" SET address_id = 62 WHERE id = 62;
UPDATE "employee" SET address_id = 63 WHERE id = 63;
UPDATE "employee" SET address_id = 64 WHERE id = 64;
UPDATE "employee" SET address_id = 65 WHERE id = 65;
UPDATE "employee" SET address_id = 66 WHERE id = 66;
UPDATE "employee" SET address_id = 67 WHERE id = 67;
UPDATE "employee" SET address_id = 68 WHERE id = 68;
UPDATE "employee" SET address_id = 69 WHERE id = 69;
UPDATE "employee" SET address_id = 70 WHERE id = 70;
UPDATE "employee" SET address_id = 71 WHERE id = 71;
UPDATE "employee" SET address_id = 72 WHERE id = 72;
UPDATE "employee" SET address_id = 73 WHERE id = 73;
UPDATE "employee" SET address_id = 74 WHERE id = 74;
UPDATE "employee" SET address_id = 75 WHERE id = 75;
UPDATE "employee" SET address_id = 76 WHERE id = 76;
UPDATE "employee" SET address_id = 77 WHERE id = 77;
UPDATE "employee" SET address_id = 78 WHERE id = 78;
UPDATE "employee" SET address_id = 79 WHERE id = 79;
UPDATE "employee" SET address_id = 80 WHERE id = 80;
UPDATE "employee" SET address_id = 81 WHERE id = 81;
UPDATE "employee" SET address_id = 82 WHERE id = 82;
UPDATE "employee" SET address_id = 83 WHERE id = 83;
UPDATE "employee" SET address_id = 84 WHERE id = 84;
UPDATE "employee" SET address_id = 85 WHERE id = 85;
UPDATE "employee" SET address_id = 86 WHERE id = 86;
UPDATE "employee" SET address_id = 87 WHERE id = 87;
UPDATE "employee" SET address_id = 88 WHERE id = 88;
UPDATE "employee" SET address_id = 89 WHERE id = 89;
UPDATE "employee" SET address_id = 90 WHERE id = 90;
UPDATE "employee" SET address_id = 91 WHERE id = 91;
UPDATE "employee" SET address_id = 92 WHERE id = 92;
UPDATE "employee" SET address_id = 93 WHERE id = 93;
UPDATE "employee" SET address_id = 94 WHERE id = 94;
UPDATE "employee" SET address_id = 95 WHERE id = 95;
UPDATE "employee" SET address_id = 96 WHERE id = 96;
UPDATE "employee" SET address_id = 97 WHERE id = 97;
UPDATE "employee" SET address_id = 98 WHERE id = 98;
UPDATE "employee" SET address_id = 99 WHERE id = 99;
UPDATE "employee" SET address_id = 100 WHERE id = 100;

INSERT INTO "field" (field_id,field_name,field_type) VALUES (1,' Postgres ','Software '),(2,' C# ','Software '),(3,' Ruby ',' Computer Science '),(4,' LUA ',' Data '),(5,' HTML ',' Development '),(6,' Ruby ',' Development '),(7,' HTML ',' Data '),(8,'Java ',' Data '),(9,' Python ',' Computer Science '),(10,' JavaScript ',' Development ');
INSERT INTO "field" (field_id,field_name,field_type) VALUES (11,' Ruby ','Software '),(12,' JavaScript ',' Development '),(13,' Postgres ',' Computer Science '),(14,' C# ',' Computer Science '),(15,' C++ ',' Development '),(16,' Ruby ',' Data '),(17,'Java ','Software '),(18,' Python ',' Data '),(19,' Python ',' Data '),(20,' Postgres ',' Development ');
INSERT INTO "field" (field_id,field_name,field_type) VALUES (21,' C# ',' Development '),(22,' C# ',' Data '),(23,' Python ',' Development '),(24,' LUA ',' Computer Science '),(25,' Postgres ',' Computer Science '),(26,' Ruby ','Software '),(27,' JavaScript ',' Data '),(28,' Postgres ',' Development '),(29,' C# ','Software '),(30,' CSS ','Software ');
INSERT INTO "field" (field_id,field_name,field_type) VALUES (31,' JavaScript ',' Development '),(32,' JavaScript ',' Computer Science '),(33,' Python ',' Data '),(34,' LUA ',' Development '),(35,' C# ',' Data '),(36,' HTML ','Software '),(37,'Java ',' Development '),(38,' Python ',' Data '),(39,' C# ',' Data '),(40,' Python ',' Data ');
INSERT INTO "field" (field_id,field_name,field_type) VALUES (41,' Ruby ',' Development '),(42,' C# ',' Computer Science '),(43,' Python ',' Data '),(44,' Ruby ',' Development '),(45,' C++ ',' Computer Science '),(46,' LUA ',' Development '),(47,' JavaScript ',' Data '),(48,' HTML ',' Data '),(49,' CSS ',' Development '),(50,' Python ',' Computer Science ');
INSERT INTO "field" (field_id,field_name,field_type) VALUES (51,' CSS ',' Development '),(52,' C# ',' Development '),(53,' JavaScript ',' Data '),(54,' CSS ',' Data '),(55,' LUA ',' Development '),(56,'Java ',' Development '),(57,' JavaScript ','Software '),(58,' CSS ','Software '),(59,' Ruby ',' Data '),(60,'Java ',' Computer Science ');
INSERT INTO "field" (field_id,field_name,field_type) VALUES (61,' Postgres ',' Development '),(62,' C++ ',' Data '),(63,' JavaScript ','Software '),(64,' HTML ',' Data '),(65,' C++ ',' Computer Science '),(66,' C# ','Software '),(67,'Java ',' Data '),(68,' Ruby ',' Data '),(69,' JavaScript ',' Development '),(70,' Ruby ',' Data ');
INSERT INTO "field" (field_id,field_name,field_type) VALUES (71,' Ruby ','Software '),(72,' HTML ',' Development '),(73,' C++ ',' Data '),(74,' LUA ',' Development '),(75,'Java ',' Development '),(76,' C++ ',' Data '),(77,' Postgres ',' Development '),(78,' Python ',' Computer Science '),(79,' JavaScript ',' Computer Science '),(80,' JavaScript ','Software ');
INSERT INTO "field" (field_id,field_name,field_type) VALUES (81,' C++ ',' Data '),(82,' JavaScript ','Software '),(83,' C++ ',' Computer Science '),(84,' CSS ',' Data '),(85,' C++ ',' Data '),(86,' Postgres ',' Computer Science '),(87,' HTML ',' Data '),(88,' LUA ','Software '),(89,' C++ ',' Development '),(90,' C++ ','Software ');
INSERT INTO "field" (field_id,field_name,field_type) VALUES (91,' JavaScript ',' Computer Science '),(92,' C++ ','Software '),(93,' Ruby ',' Computer Science '),(94,' LUA ',' Computer Science '),(95,' JavaScript ',' Development '),(96,'Java ',' Development '),(97,' JavaScript ',' Data '),(98,'Java ','Software '),(99,' Python ','Software '),(100,'Java ',' Development ');

INSERT INTO "skill" (skill_id,field_id,experience,summary) VALUES (1,1,29,' Fledgling '),(2,2,23,' Beginner '),(3,3,23,' Work in progress'),(4,4,25,' Fledgling '),(5,5,45,'Worked in the field '),(6,6,38,' Fledgling '),(7,7,24,'Worked in the field '),(8,8,27,' Work in progress'),(9,9,60,'Worked in the field '),(10,10,43,' Experienced ');
INSERT INTO "skill" (skill_id,field_id,experience,summary) VALUES (11,11,50,' Fledgling '),(12,12,18,' Experienced '),(13,13,60,' Fledgling '),(14,14,22,' Work in progress'),(15,15,52,'Worked in the field '),(16,16,20,' Work in progress'),(17,17,10,' Fledgling '),(18,18,46,' Work in progress'),(19,19,32,' Fledgling '),(20,20,18,'Worked in the field ');
INSERT INTO "skill" (skill_id,field_id,experience,summary) VALUES (21,21,26,' Beginner '),(22,22,43,'Worked in the field '),(23,23,9,'Worked in the field '),(24,24,27,' Work in progress'),(25,25,50,' Experienced '),(26,26,49,'Worked in the field '),(27,27,58,' Experienced '),(28,28,41,' Fledgling '),(29,29,46,' Work in progress'),(30,30,32,'Worked in the field ');
INSERT INTO "skill" (skill_id,field_id,experience,summary) VALUES (31,31,6,' Fledgling '),(32,32,17,'Worked in the field '),(33,33,34,'Worked in the field '),(34,34,42,' Work in progress'),(35,35,34,' Work in progress'),(36,36,46,' Fledgling '),(37,37,21,'Worked in the field '),(38,38,25,' Experienced '),(39,39,58,' Experienced '),(40,40,19,'Worked in the field ');
INSERT INTO "skill" (skill_id,field_id,experience,summary) VALUES (41,41,20,' Beginner '),(42,42,13,' Work in progress'),(43,43,59,'Worked in the field '),(44,44,16,' Experienced '),(45,45,41,' Beginner '),(46,46,44,' Experienced '),(47,47,36,' Beginner '),(48,48,15,' Work in progress'),(49,49,8,' Work in progress'),(50,50,60,' Fledgling ');
INSERT INTO "skill" (skill_id,field_id,experience,summary) VALUES (51,51,10,' Fledgling '),(52,52,42,' Work in progress'),(53,53,58,' Fledgling '),(54,54,13,' Fledgling '),(55,55,19,' Beginner '),(56,56,12,' Beginner '),(57,57,25,' Work in progress'),(58,58,13,' Work in progress'),(59,59,32,' Experienced '),(60,60,10,'Worked in the field ');
INSERT INTO "skill" (skill_id,field_id,experience,summary) VALUES (61,61,50,' Experienced '),(62,62,15,' Fledgling '),(63,63,40,' Fledgling '),(64,64,13,' Experienced '),(65,65,35,' Work in progress'),(66,66,58,' Fledgling '),(67,67,27,'Worked in the field '),(68,68,47,' Beginner '),(69,69,23,' Work in progress'),(70,70,57,' Experienced ');
INSERT INTO "skill" (skill_id,field_id,experience,summary) VALUES (71,71,28,'Worked in the field '),(72,72,49,' Work in progress'),(73,73,34,' Work in progress'),(74,74,13,' Experienced '),(75,75,23,' Beginner '),(76,76,24,'Worked in the field '),(77,77,55,' Beginner '),(78,78,8,' Fledgling '),(79,79,45,' Beginner '),(80,80,26,'Worked in the field ');
INSERT INTO "skill" (skill_id,field_id,experience,summary) VALUES (81,81,12,' Fledgling '),(82,82,40,' Work in progress'),(83,83,25,' Experienced '),(84,84,33,'Worked in the field '),(85,85,31,' Beginner '),(86,86,36,' Work in progress'),(87,87,34,' Fledgling '),(88,88,42,' Experienced '),(89,89,46,' Beginner '),(90,90,7,' Work in progress');
INSERT INTO "skill" (skill_id,field_id,experience,summary) VALUES (91,91,54,' Beginner '),(92,92,52,' Fledgling '),(93,93,18,' Fledgling '),(94,94,40,' Fledgling '),(95,95,21,'Worked in the field '),(96,96,30,' Fledgling '),(97,97,20,' Fledgling '),(98,98,23,' Experienced '),(99,99,42,' Beginner '),(100,100,10,' Fledgling ');

INSERT INTO "businessunit" (company_id,company) VALUES (1,'Nec Mollis Foundation'),(2,'Odio Aliquam Vulputate Limited'),(3,'Interdum Nunc LLC'),(4,'Lorem Tristique Aliquet Company'),(5,'Lacus Aliquam Industries'),(6,'Pede Malesuada Vel Foundation'),(7,'Varius Foundation'),(8,'Vitae Mauris Sit Company'),(9,'At Consulting'),(10,'Non PC');
INSERT INTO "businessunit" (company_id,company) VALUES (11,'Fusce Aliquam Enim Industries'),(12,'Massa Integer PC'),(13,'Aliquam Nisl Nulla Corporation'),(14,'Ultrices Ltd'),(15,'Erat Eget Ipsum Foundation'),(16,'Nascetur LLP'),(17,'Nec Corporation'),(18,'Eu Odio Tristique Corporation'),(19,'Curabitur Vel Lectus Ltd'),(20,'Tempus Scelerisque Institute');
INSERT INTO "businessunit" (company_id,company) VALUES (21,'Semper Erat PC'),(22,'Aliquam Erat Corporation'),(23,'Tempor Erat Neque Inc.'),(24,'Rutrum Magna Incorporated'),(25,'Gravida Nunc Incorporated'),(26,'Purus Maecenas Libero Limited'),(27,'Fusce Fermentum Fermentum LLP'),(28,'Per Inceptos Hymenaeos Limited'),(29,'Rutrum Urna Nec LLC'),(30,'In Industries');
INSERT INTO "businessunit" (company_id,company) VALUES (31,'Sed Nulla Consulting'),(32,'Lobortis Inc.'),(33,'Auctor Foundation'),(34,'Risus Foundation'),(35,'Amet Orci Ut Consulting'),(36,'Laoreet Ipsum Curabitur Consulting'),(37,'Ipsum Foundation'),(38,'Tempor Bibendum Donec Corporation'),(39,'Duis Mi Enim Industries'),(40,'Ornare Industries');
INSERT INTO "businessunit" (company_id,company) VALUES (41,'Semper Et Lacinia Industries'),(42,'A Auctor Non Corporation'),(43,'Vehicula Risus Consulting'),(44,'Ac Metus Foundation'),(45,'Fermentum Fermentum Arcu Corporation'),(46,'Tempor Lorem Incorporated'),(47,'Varius Et Euismod Corp.'),(48,'Ipsum Suspendisse Non Corp.'),(49,'Eget Metus Eu Company'),(50,'Sit Amet Metus Company');
INSERT INTO "businessunit" (company_id,company) VALUES (51,'Vel Arcu Eu LLC'),(52,'Gravida Industries'),(53,'Turpis Egestas Fusce LLP'),(54,'Convallis LLP'),(55,'Vestibulum Ante Ipsum Limited'),(56,'Non Justo Industries'),(57,'Sit Amet Inc.'),(58,'In Consequat Enim PC'),(59,'Nec Cursus A Associates'),(60,'Lacus Foundation');
INSERT INTO "businessunit" (company_id,company) VALUES (61,'Eget Inc.'),(62,'Lacus Varius Inc.'),(63,'Justo Sit Associates'),(64,'Tempus Mauris Erat Associates'),(65,'Vel Ltd'),(66,'Mattis Integer Eu Institute'),(67,'Quisque Varius Industries'),(68,'Pellentesque Inc.'),(69,'A Malesuada Id Foundation'),(70,'Libero Nec Ltd');
INSERT INTO "businessunit" (company_id,company) VALUES (71,'Tellus Industries'),(72,'Sapien Imperdiet Ornare Industries'),(73,'Risus Associates'),(74,'Lorem Eu Metus LLP'),(75,'Aenean LLC'),(76,'Est Arcu LLP'),(77,'Ac Mattis Semper Foundation'),(78,'Semper Et Lacinia Consulting'),(79,'Donec Egestas Aliquam Company'),(80,'Nec Corporation');
INSERT INTO "businessunit" (company_id,company) VALUES (81,'Primis Inc.'),(82,'Tellus LLP'),(83,'Dapibus Quam Quis Consulting'),(84,'Dapibus Gravida Aliquam Corp.'),(85,'At Augue Id Consulting'),(86,'Mollis Lectus Corp.'),(87,'Commodo At Institute'),(88,'In Felis Nulla Foundation'),(89,'Placerat Foundation'),(90,'Nibh Phasellus Incorporated');
INSERT INTO "businessunit" (company_id,company) VALUES (91,'Quisque Libero Foundation'),(92,'Id Libero Donec Associates'),(93,'Sit Amet Company'),(94,'Pellentesque Associates'),(95,'Vitae Nibh LLC'),(96,'Ultricies Dignissim Lacus Corporation'),(97,'Vel Company'),(98,'Turpis Nulla Aliquet Institute'),(99,'Fermentum Risus At LLC'),(100,'Sapien Corporation');

UPDATE "address" SET country = 'MX' WHERE address_id = 1;
UPDATE "address" SET country = 'US' WHERE address_id = 2;
UPDATE "address" SET country = 'FR' WHERE address_id = 3;
UPDATE "address" SET country = 'MX' WHERE address_id = 4;
UPDATE "address" SET country = 'FR' WHERE address_id = 5;
UPDATE "address" SET country = 'PE' WHERE address_id = 6;
UPDATE "address" SET country = 'PE' WHERE address_id = 7;
UPDATE "address" SET country = 'US' WHERE address_id = 8;
UPDATE "address" SET country = 'GE' WHERE address_id = 9;
UPDATE "address" SET country = 'UK' WHERE address_id = 10;
UPDATE "address" SET country = 'FR' WHERE address_id = 11;
UPDATE "address" SET country = 'UK' WHERE address_id = 12;
UPDATE "address" SET country = 'GE' WHERE address_id = 13;
UPDATE "address" SET country = 'US' WHERE address_id = 14;
UPDATE "address" SET country = 'MX' WHERE address_id = 15;
UPDATE "address" SET country = 'CA' WHERE address_id = 16;
UPDATE "address" SET country = 'US' WHERE address_id = 17;
UPDATE "address" SET country = 'MX' WHERE address_id = 18;
UPDATE "address" SET country = 'FR' WHERE address_id = 19;
UPDATE "address" SET country = 'UK' WHERE address_id = 20;
UPDATE "address" SET country = 'UK' WHERE address_id = 21;
UPDATE "address" SET country = 'FR' WHERE address_id = 22;
UPDATE "address" SET country = 'UK' WHERE address_id = 23;
UPDATE "address" SET country = 'GE' WHERE address_id = 24;
UPDATE "address" SET country = 'US' WHERE address_id = 25;
UPDATE "address" SET country = 'US' WHERE address_id = 26;
UPDATE "address" SET country = 'CA' WHERE address_id = 27;
UPDATE "address" SET country = 'PE' WHERE address_id = 28;
UPDATE "address" SET country = 'GE' WHERE address_id = 29;
UPDATE "address" SET country = 'CA' WHERE address_id = 30;
UPDATE "address" SET country = 'MX' WHERE address_id = 31;
UPDATE "address" SET country = 'PE' WHERE address_id = 32;
UPDATE "address" SET country = 'MX' WHERE address_id = 33;
UPDATE "address" SET country = 'GE' WHERE address_id = 34;
UPDATE "address" SET country = 'FR' WHERE address_id = 35;
UPDATE "address" SET country = 'UK' WHERE address_id = 36;
UPDATE "address" SET country = 'PE' WHERE address_id = 37;
UPDATE "address" SET country = 'US' WHERE address_id = 38;
UPDATE "address" SET country = 'US' WHERE address_id = 39;
UPDATE "address" SET country = 'FR' WHERE address_id = 40;
UPDATE "address" SET country = 'GE' WHERE address_id = 41;
UPDATE "address" SET country = 'US' WHERE address_id = 42;
UPDATE "address" SET country = 'PE' WHERE address_id = 43;
UPDATE "address" SET country = 'CA' WHERE address_id = 44;
UPDATE "address" SET country = 'FR' WHERE address_id = 45;
UPDATE "address" SET country = 'UK' WHERE address_id = 46;
UPDATE "address" SET country = 'CA' WHERE address_id = 47;
UPDATE "address" SET country = 'US' WHERE address_id = 48;
UPDATE "address" SET country = 'US' WHERE address_id = 49;
UPDATE "address" SET country = 'US' WHERE address_id = 50;
UPDATE "address" SET country = 'UK' WHERE address_id = 51;
UPDATE "address" SET country = 'FR' WHERE address_id = 52;
UPDATE "address" SET country = 'GE' WHERE address_id = 53;
UPDATE "address" SET country = 'US' WHERE address_id = 54;
UPDATE "address" SET country = 'GE' WHERE address_id = 55;
UPDATE "address" SET country = 'MX' WHERE address_id = 56;
UPDATE "address" SET country = 'UK' WHERE address_id = 57;
UPDATE "address" SET country = 'GE' WHERE address_id = 58;
UPDATE "address" SET country = 'FR' WHERE address_id = 59;
UPDATE "address" SET country = 'FR' WHERE address_id = 60;
UPDATE "address" SET country = 'US' WHERE address_id = 61;
UPDATE "address" SET country = 'US' WHERE address_id = 62;
UPDATE "address" SET country = 'PE' WHERE address_id = 63;
UPDATE "address" SET country = 'GE' WHERE address_id = 64;
UPDATE "address" SET country = 'FR' WHERE address_id = 65;
UPDATE "address" SET country = 'MX' WHERE address_id = 66;
UPDATE "address" SET country = 'GE' WHERE address_id = 67;
UPDATE "address" SET country = 'UK' WHERE address_id = 68;
UPDATE "address" SET country = 'FR' WHERE address_id = 69;
UPDATE "address" SET country = 'PE' WHERE address_id = 70;
UPDATE "address" SET country = 'GE' WHERE address_id = 71;
UPDATE "address" SET country = 'FR' WHERE address_id = 72;
UPDATE "address" SET country = 'MX' WHERE address_id = 73;
UPDATE "address" SET country = 'FR' WHERE address_id = 74;
UPDATE "address" SET country = 'FR' WHERE address_id = 75;
UPDATE "address" SET country = 'US' WHERE address_id = 76;
UPDATE "address" SET country = 'MX' WHERE address_id = 77;
UPDATE "address" SET country = 'GE' WHERE address_id = 78;
UPDATE "address" SET country = 'FR' WHERE address_id = 79;
UPDATE "address" SET country = 'MX' WHERE address_id = 80;
UPDATE "address" SET country = 'GE' WHERE address_id = 81;
UPDATE "address" SET country = 'US' WHERE address_id = 82;
UPDATE "address" SET country = 'US' WHERE address_id = 83;
UPDATE "address" SET country = 'GE' WHERE address_id = 84;
UPDATE "address" SET country = 'FR' WHERE address_id = 85;
UPDATE "address" SET country = 'CA' WHERE address_id = 86;
UPDATE "address" SET country = 'MX' WHERE address_id = 87;
UPDATE "address" SET country = 'MX' WHERE address_id = 88;
UPDATE "address" SET country = 'US' WHERE address_id = 89;
UPDATE "address" SET country = 'US' WHERE address_id = 90;
UPDATE "address" SET country = 'UK' WHERE address_id = 91;
UPDATE "address" SET country = 'GE' WHERE address_id = 92;
UPDATE "address" SET country = 'MX' WHERE address_id = 93;
UPDATE "address" SET country = 'US' WHERE address_id = 94;
UPDATE "address" SET country = 'CA' WHERE address_id = 95;
UPDATE "address" SET country = 'US' WHERE address_id = 96;
UPDATE "address" SET country = 'CA' WHERE address_id = 97;
UPDATE "address" SET country = 'GE' WHERE address_id = 98;
UPDATE "address" SET country = 'FR' WHERE address_id = 99;
UPDATE "address" SET country = 'CA' WHERE address_id = 100;

INSERT INTO "employeebusiness" (employee_id,company_id) VALUES (5,2),(10,4),(15,6),(20,8),(25,10),(30,12),(35,14),(40,16),(45,18),(50,20);
INSERT INTO "employeebusiness" (employee_id,company_id) VALUES (55,22),(60,24),(65,26),(70,28),(75,30),(80,32),(85,34),(90,36),(95,38),(100,40);

INSERT INTO "employeebusiness" (employee_id,company_id) VALUES (1,5),(3,10),(5,15),(7,20),(9,25),(11,30),(13,35),(15,40),(17,45),(19,50);
INSERT INTO "employeebusiness" (employee_id,company_id) VALUES (21,55),(23,60),(25,65),(27,70),(29,75),(31,80),(33,85),(35,90),(37,95),(39,100);

INSERT INTO "employeeskills" (employee_id,skill_id) VALUES (2,5),(4,10),(6,15),(8,20),(10,25),(12,30),(14,35),(16,40),(18,45),(20,50);
INSERT INTO "employeeskills" (employee_id,skill_id) VALUES (22,55),(24,60),(26,65),(28,70),(30,75),(32,80),(34,85),(36,90),(38,95),(40,100);

INSERT INTO "employeeskills" (employee_id,skill_id) VALUES (5,2),(10,4),(15,6),(20,8),(25,10),(30,12),(35,14),(40,16),(45,18),(50,20);
INSERT INTO "employeeskills" (employee_id,skill_id) VALUES (55,22),(60,24),(65,26),(70,28),(75,30),(80,32),(85,34),(90,36),(95,38),(100,40);

INSERT INTO "employeeskills" (employee_id,skill_id) VALUES (1,2),(3,4),(5,6),(7,8),(9,10),(11,12),(13,14),(15,16),(17,18),(19,20);
INSERT INTO "employeeskills" (employee_id,skill_id) VALUES (21,22),(23,24),(25,26),(27,28),(29,30),(31,32),(33,34),(35,36),(37,38),(39,40);
INSERT INTO "employeeskills" (employee_id,skill_id) VALUES (41,42),(43,44),(45,46),(47,48),(49,50),(51,52),(53,54),(55,56),(57,58),(59,60);
INSERT INTO "employeeskills" (employee_id,skill_id) VALUES (61,62),(63,64),(65,66),(67,68),(69,70),(71,72),(73,74),(75,76),(77,78),(79,80);
INSERT INTO "employeeskills" (employee_id,skill_id) VALUES (81,82),(83,84),(85,86),(87,88),(89,90),(91,92),(93,94),(95,96),(97,98),(99,100);